,From country,To country,True_Bias
1366,North Macedonia,Albania,11.07461081
1245,Serbia,Montenegro,10.87179487
1796,Slovenia,North Macedonia,10.575
1808,Serbia,North Macedonia,10.575
202,"Moldova, Republic of",Romania,10.55128205
1096,Montenegro,Serbia,10.5293898
1521,Bosnia and Herzegovina,Serbia,10.04878049
1714,Russian Federation,"Moldova, Republic of",9.69047619
1713,Romania,"Moldova, Republic of",9.69047619
1239,Cyprus,Greece,9.517628205
1523,Croatia,Serbia,9.501480836
1469,Cyprus,Bulgaria,9.488966318
63,Russian Federation,Belarus,9.240277778
1536,Bosnia and Herzegovina,Croatia,9.195121951
1132,Greece,Cyprus,9.149100777
226,Georgia,Armenia,9.008859704
253,Armenia,Montenegro,8.922008547
1050,Ireland,Lithuania,8.888993121
1276,Lithuania,Latvia,8.847091932
1635,Netherlands,Germany,8.761904762
1057,Norway,Lithuania,8.638993121
1232,Netherlands,Belgium,8.595997498
995,Finland,Estonia,8.544619963
1069,United Kingdom,Lithuania,8.138993121
1106,Switzerland,Serbia,8.129389797
1376,Italy,Albania,8.074610806
1306,Armenia,Georgia,8.053470919
1053,Latvia,Lithuania,7.888993121
834,Belgium,Netherlands,7.814859457
1742,France,Portugal,7.785714286
1585,Czechia,Ukraine,7.627951994
281,Slovenia,Montenegro,7.422008547
1304,Serbia,Hungary,7.370075047
1563,Slovenia,Croatia,7.195121951
561,Malta,Italy,7.150433307
1103,Slovenia,Serbia,7.129389797
824,Sweden,Denmark,7.126587302
1006,Lithuania,Estonia,7.044619963
260,North Macedonia,Montenegro,6.922008547
675,Portugal,Spain,6.880537241
1639,Australia,Ireland,6.738095238
541,Albania,Italy,6.650433307
1346,Czechia,Azerbaijan,6.612700646
1518,Bulgaria,Cyprus,6.600851723
4,Belarus,Ukraine,6.436241773
807,Iceland,Denmark,6.376587302
1273,Ireland,Latvia,6.347091932
99,Russian Federation,Azerbaijan,6.230358818
82,Georgia,Azerbaijan,6.230358818
1447,Bosnia and Herzegovina,Azerbaijan,6.219512195
25,Poland,Ukraine,6.186241773
225,France,Armenia,6.008859704
507,Azerbaijan,Russian Federation,6.000612362
1041,Estonia,Lithuania,5.888993121
1285,San Marino,Latvia,5.847091932
1637,Albania,Ireland,5.738095238
1654,Germany,Ireland,5.738095238
1689,Bulgaria,"Moldova, Republic of",5.69047619
243,Russian Federation,Armenia,5.675526371
122,Hungary,Iceland,5.631944444
1197,Australia,Belgium,5.595997498
1814,Croatia,North Macedonia,5.575
505,Armenia,Russian Federation,5.500612362
1473,North Macedonia,Bulgaria,5.488966318
18,Italy,Ukraine,5.436241773
1597,Ukraine,Georgia,5.414634146
39,Azerbaijan,Belarus,5.240277778
1557,Montenegro,Croatia,5.195121951
644,Sweden,Finland,5.111111111
210,Spain,Romania,5.051282051
197,Israel,Romania,5.051282051
958,France,Israel,5.00271509
3,Azerbaijan,Ukraine,4.936241773
600,Montenegro,Slovenia,4.930952381
252,Albania,Montenegro,4.922008547
438,Denmark,Sweden,4.853371031
1495,Spain,Bulgaria,4.822299652
1486,Malta,Bulgaria,4.822299652
70,Ukraine,Belarus,4.805555556
177,Netherlands,Norway,4.763390313
175,Sweden,Norway,4.743748474
1605,Bulgaria,Armenia,4.731707317
940,Serbia,Slovenia,4.726190476
1706,Latvia,"Moldova, Republic of",4.69047619
949,Azerbaijan,Israel,4.60271509
1207,France,Belgium,4.595997498
1788,Albania,North Macedonia,4.575
1822,Montenegro,North Macedonia,4.575
1587,Australia,Malta,4.554878049
1309,Azerbaijan,Georgia,4.553470919
150,Denmark,Norway,4.543748474
527,"Moldova, Republic of",Russian Federation,4.500612362
1459,Ukraine,Israel,4.450251645
250,Ukraine,Armenia,4.449186992
1622,Netherlands,Denmark,4.380952381
879,Hungary,San Marino,4.355555556
1281,Poland,Latvia,4.347091932
687,Austria,Switzerland,4.323611111
710,Poland,Switzerland,4.323611111
1771,Croatia,Slovenia,4.301587302
300,Germany,Poland,4.202244458
1542,North Macedonia,Croatia,4.195121951
28,Russian Federation,Ukraine,4.186241773
1460,Albania,Bulgaria,4.155632985
1500,United Kingdom,Bulgaria,4.155632985
106,Ukraine,Azerbaijan,4.151422764
125,Italy,Iceland,4.131944444
1203,Denmark,Belgium,4.095997498
760,Azerbaijan,Malta,4.073622403
1179,Malta,Australia,4.072450192
1327,Lithuania,Georgia,4.053470919
659,France,Spain,4.026463961
324,Albania,Greece,4.021011396
219,Belarus,Armenia,4.008859704
11,Georgia,Ukraine,3.936241773
322,Ukraine,Poland,3.931571816
1073,Austria,Serbia,3.929389797
306,Italy,Poland,3.868911125
887,"Moldova, Republic of",San Marino,3.855555556
456,Norway,Sweden,3.853371031
1421,Israel,Czechia,3.831547619
1402,Austria,Czechia,3.831547619
1381,Montenegro,Albania,3.824610806
835,Denmark,Netherlands,3.814859457
1687,Belarus,"Moldova, Republic of",3.69047619
1722,Ukraine,"Moldova, Republic of",3.69047619
1712,Portugal,"Moldova, Republic of",3.69047619
1692,Czechia,"Moldova, Republic of",3.69047619
1697,France,"Moldova, Republic of",3.69047619
1627,Australia,Finland,3.666666667
1045,Georgia,Lithuania,3.638993121
141,Netherlands,Iceland,3.631944444
484,Israel,France,3.620636658
1787,Malta,North Macedonia,3.575
185,Belgium,Romania,3.551282051
1118,Armenia,Cyprus,3.549100777
1081,North Macedonia,Serbia,3.529389797
447,Iceland,Sweden,3.520037697
1579,Ukraine,Latvia,3.463414634
1610,Romania,Bulgaria,3.428571429
969,"Moldova, Republic of",Israel,3.40271509
806,Hungary,Denmark,3.376587302
888,Montenegro,San Marino,3.355555556
873,North Macedonia,San Marino,3.355555556
325,Armenia,Greece,3.354344729
1264,Estonia,Latvia,3.347091932
159,Iceland,Norway,3.343748474
686,Armenia,Switzerland,3.323611111
1191,Sweden,Australia,3.272450192
512,Estonia,Russian Federation,3.250612362
37,Armenia,Belarus,3.240277778
392,Switzerland,Austria,3.213046845
428,Switzerland,Germany,3.199428959
1571,Bulgaria,Russian Federation,3.195121951
1562,Serbia,Croatia,3.195121951
23,Montenegro,Ukraine,3.186241773
1478,Greece,Bulgaria,3.155632985
573,Switzerland,Italy,3.150433307
1066,Sweden,Lithuania,3.138993121
143,United Kingdom,Iceland,3.131944444
139,Sweden,Iceland,3.131944444
132,Poland,Iceland,3.131944444
117,Finland,Iceland,3.131944444
822,Slovenia,Denmark,3.126587302
473,Belgium,France,3.120636658
758,Armenia,Malta,3.073622403
853,Norway,Netherlands,3.014859457
843,Hungary,Netherlands,3.014859457
223,North Macedonia,Armenia,3.008859704
959,Georgia,Israel,3.00271509
508,Belarus,Russian Federation,3.000612362
509,Belarus,Russian Federation,3.000612362
518,Greece,Russian Federation,3.000612362
524,Latvia,Russian Federation,3.000612362
94,Montenegro,Azerbaijan,2.980358818
1522,Bulgaria,Serbia,2.968641115
1023,Australia,United Kingdom,2.967953632
469,Armenia,France,2.953969991
1029,Czechia,Armenia,2.929956223
799,Estonia,Denmark,2.876587302
298,France,Poland,2.868911125
441,Finland,Sweden,2.853371031
1351,Serbia,Russian Federation,2.824890557
1350,Czechia,Russian Federation,2.824890557
1392,Switzerland,Albania,2.824610806
711,Portugal,Switzerland,2.823611111
701,Ireland,Switzerland,2.823611111
571,Spain,Italy,2.817099973
1003,Israel,Estonia,2.794619963
627,Iceland,Finland,2.777777778
792,United Kingdom,Malta,2.74028907
1648,Denmark,Ireland,2.738095238
1647,Czechia,Ireland,2.738095238
1676,Netherlands,Ireland,2.738095238
1643,Belgium,Ireland,2.738095238
1640,Austria,Ireland,2.738095238
75,Belarus,Azerbaijan,2.730358818
402,Denmark,Germany,2.699428959
1684,Australia,"Moldova, Republic of",2.69047619
17,Israel,Ukraine,2.686241773
498,Spain,France,2.620636658
1211,Hungary,Belgium,2.595997498
201,Malta,Romania,2.551282051
182,Austria,Romania,2.551282051
730,Finland,Hungary,2.501615593
743,Montenegro,Hungary,2.501615593
728,Estonia,Hungary,2.501615593
100,San Marino,Azerbaijan,2.480358818
92,Malta,Azerbaijan,2.480358818
917,Ireland,United Kingdom,2.454776175
1783,Cyprus,Switzerland,2.425
1785,Australia,Switzerland,2.425
383,Norway,Austria,2.413046845
976,San Marino,Israel,2.40271509
947,Australia,Israel,2.40271509
539,Ukraine,Russian Federation,2.361449864
1280,Norway,Latvia,2.347091932
228,Greece,Armenia,2.342193037
393,Netherlands,Austria,2.339205059
585,North Macedonia,Slovenia,2.330952381
1371,Greece,Albania,2.324610806
706,Malta,Switzerland,2.323611111
698,Greece,Switzerland,2.323611111
745,Poland,Hungary,2.301615593
1164,Denmark,Australia,2.272450192
522,Israel,Russian Federation,2.250612362
827,Ukraine,Denmark,2.235449735
747,Romania,Hungary,2.218482906
979,Spain,Israel,2.20271509
681,Switzerland,Spain,2.193130627
452,Lithuania,Sweden,2.186704364
1353,Cyprus,Italy,2.163853301
563,Montenegro,Italy,2.150433307
173,Slovenia,Norway,2.143748474
1680,Netherlands,Italy,2.142857143
136,San Marino,Iceland,2.131944444
502,Ukraine,France,2.119096012
1598,Bosnia and Herzegovina,Austria,2.073170732
1599,Bulgaria,Austria,2.04026326
396,Albania,Germany,2.032762292
368,Finland,Austria,2.013046845
371,Germany,Austria,2.013046845
249,Netherlands,Armenia,2.008859704
517,Germany,Russian Federation,2.000612362
1451,Bulgaria,Hungary,1.989159892
1028,Cyprus,Armenia,1.929956223
1038,Cyprus,Lithuania,1.888993121
817,Poland,Denmark,1.876587302
804,Germany,Denmark,1.876587302
1827,Czechia,Iceland,1.875
1182,Norway,Australia,1.872450192
292,Belarus,Poland,1.868911125
303,Iceland,Poland,1.868911125
304,Ireland,Poland,1.868911125
1620,Czechia,Denmark,1.853968254
439,Estonia,Sweden,1.853371031
1259,Belarus,Latvia,1.847091932
1292,United Kingdom,Latvia,1.847091932
1268,Georgia,Latvia,1.847091932
1418,Hungary,Czechia,1.831547619
1416,Germany,Czechia,1.831547619
1424,Lithuania,Czechia,1.831547619
1400,Armenia,Czechia,1.831547619
1433,Slovenia,Czechia,1.831547619
1409,Cyprus,Czechia,1.831547619
1488,Montenegro,Bulgaria,1.822299652
845,Ireland,Netherlands,1.814859457
1012,Portugal,Estonia,1.794619963
907,Denmark,United Kingdom,1.788109508
482,Iceland,France,1.787303324
465,Netherlands,Sweden,1.780056546
620,Estonia,Finland,1.777777778
1148,San Marino,Cyprus,1.749100777
567,Romania,Italy,1.746373626
160,Ireland,Norway,1.743748474
176,Switzerland,Norway,1.743748474
57,"Moldova, Republic of",Belarus,1.740277778
1667,Portugal,Ireland,1.738095238
1670,San Marino,Ireland,1.738095238
1615,Netherlands,Czechia,1.738095238
1779,Croatia,Albania,1.723412698
1686,Azerbaijan,"Moldova, Republic of",1.69047619
1723,United Kingdom,"Moldova, Republic of",1.69047619
421,Portugal,Germany,1.688095238
19,Latvia,Ukraine,1.686241773
1183,Poland,Australia,1.672450192
569,San Marino,Italy,1.650433307
553,Germany,Italy,1.650433307
114,Denmark,Iceland,1.631944444
831,Austria,Netherlands,1.614859457
844,Iceland,Netherlands,1.614859457
373,Hungary,Austria,1.613046845
389,Slovenia,Austria,1.613046845
366,Estonia,Austria,1.613046845
374,Iceland,Austria,1.613046845
965,Italy,Israel,1.60271509
1225,Russian Federation,Belgium,1.595997498
1230,Sweden,Belgium,1.595997498
1805,Azerbaijan,North Macedonia,1.575
974,Romania,Israel,1.570467033
98,Romania,Azerbaijan,1.567307692
1335,Russian Federation,Georgia,1.553470919
1329,"Moldova, Republic of",Georgia,1.553470919
183,Azerbaijan,Romania,1.551282051
993,Denmark,Estonia,1.544619963
997,Georgia,Estonia,1.544619963
996,France,Estonia,1.544619963
1004,Italy,Estonia,1.544619963
1109,Australia,Norway,1.540796703
293,Belgium,Poland,1.535577792
312,Norway,Poland,1.535577792
290,Austria,Poland,1.535577792
323,United Kingdom,Poland,1.535577792
319,Sweden,Poland,1.535577792
1608,Netherlands,Austria,1.523809524
1493,Serbia,Bulgaria,1.488966318
93,"Moldova, Republic of",Azerbaijan,1.480358818
636,Norway,Finland,1.444444444
22,"Moldova, Republic of",Ukraine,1.436241773
29,San Marino,Ukraine,1.436241773
1224,Romania,Belgium,1.435897436
1786,Croatia,Switzerland,1.425
1784,Serbia,Switzerland,1.425
841,Germany,Netherlands,1.414859457
391,Sweden,Austria,1.413046845
364,Belgium,Austria,1.413046845
765,North Macedonia,Malta,1.406955736
968,Malta,Israel,1.40271509
798,Belgium,Denmark,1.376587302
826,Netherlands,Denmark,1.372222222
411,Ireland,Germany,1.366095625
410,Iceland,Germany,1.366095625
865,Albania,San Marino,1.355555556
868,Azerbaijan,San Marino,1.355555556
328,Belarus,Greece,1.354344729
1133,Hungary,Cyprus,1.349100777
164,Lithuania,Norway,1.343748474
156,Germany,Norway,1.343748474
1507,Bosnia and Herzegovina,France,1.341463415
1426,"Moldova, Republic of",Czechia,1.331547619
1420,Ireland,Czechia,1.331547619
1417,Greece,Czechia,1.331547619
718,Netherlands,Switzerland,1.323611111
724,Azerbaijan,Hungary,1.301615593
1014,Russian Federation,Estonia,1.294619963
930,San Marino,United Kingdom,1.288109508
1194,United Kingdom,Australia,1.272450192
516,Georgia,Russian Federation,1.250612362
977,Serbia,Israel,1.20271509
302,Hungary,Poland,1.202244458
649,Albania,Spain,1.193130627
1155,United Kingdom,Cyprus,1.149100777
110,Austria,Iceland,1.131944444
135,Russian Federation,Iceland,1.131944444
487,Lithuania,France,1.120636658
626,Hungary,Finland,1.111111111
648,United Kingdom,Finland,1.111111111
630,Italy,Finland,1.111111111
1836,Croatia,San Marino,1.1
1221,Norway,Belgium,1.095997498
1227,Serbia,Belgium,1.095997498
790,Netherlands,Malta,1.073622403
1167,Finland,Australia,1.072450192
1175,Israel,Australia,1.072450192
1158,Austria,Australia,1.072450192
1313,Czechia,Georgia,1.053470919
206,Portugal,Romania,1.051282051
198,Italy,Romania,1.051282051
984,Albania,Estonia,1.044619963
398,Austria,Germany,1.032762292
684,United Kingdom,Spain,1.026463961
861,Sweden,Netherlands,1.014859457
836,Estonia,Netherlands,1.014859457
217,Austria,Armenia,1.008859704
232,Israel,Armenia,1.008859704
1519,Croatia,Cyprus,1.006888792
855,Portugal,Netherlands,1.006379199
963,Iceland,Israel,1.00271509
983,United Kingdom,Israel,1.00271509
558,Israel,Italy,0.98376664
942,Cyprus,France,0.955875101
922,Malta,United Kingdom,0.954776175
477,Finland,France,0.953969991
1144,Poland,Cyprus,0.949100777
145,Armenia,Norway,0.943748474
163,Latvia,Norway,0.943748474
1193,Netherlands,Australia,0.93027413
723,Austria,Hungary,0.901615593
797,Belarus,Denmark,0.876587302
820,Russian Federation,Denmark,0.876587302
1829,Serbia,Iceland,0.875
1170,Germany,Australia,0.872450192
1177,Latvia,Australia,0.872450192
1173,Iceland,Australia,0.872450192
321,Netherlands,Poland,0.868911125
666,Israel,Spain,0.859797294
866,Armenia,San Marino,0.855555556
451,Latvia,Sweden,0.853371031
1266,Finland,Latvia,0.847091932
1113,Australia,Sweden,0.835156348
1410,Denmark,Czechia,0.831547619
1403,Azerbaijan,Czechia,0.831547619
688,Azerbaijan,Switzerland,0.823611111
720,United Kingdom,Switzerland,0.823611111
1462,Australia,Bulgaria,0.822299652
1464,Azerbaijan,Bulgaria,0.822299652
554,Greece,Italy,0.817099973
849,Lithuania,Netherlands,0.814859457
369,France,Austria,0.813046845
950,Belarus,Israel,0.80271509
971,Norway,Israel,0.80271509
1765,Switzerland,Portugal,0.785714286
1626,Ukraine,Estonia,0.785714286
1146,Romania,Cyprus,0.759546703
941,Australia,France,0.755875101
504,Albania,Russian Federation,0.750612362
1151,Spain,Cyprus,0.749100777
1137,Italy,Cyprus,0.749100777
1127,North Macedonia,Cyprus,0.749100777
1124,Czechia,Cyprus,0.749100777
168,Poland,Norway,0.743748474
785,San Marino,Malta,0.74028907
55,Lithuania,Belarus,0.740277778
1666,Poland,Ireland,0.738095238
584,Estonia,Slovenia,0.730952381
725,Belarus,Hungary,0.701615593
749,San Marino,Hungary,0.701615593
419,Norway,Germany,0.699428959
426,Spain,Germany,0.699428959
1698,Georgia,"Moldova, Republic of",0.69047619
327,Azerbaijan,Greece,0.687678063
335,Georgia,Greece,0.687678063
351,Russian Federation,Greece,0.687678063
457,Poland,Sweden,0.686704364
1190,Spain,Australia,0.672450192
1636,Netherlands,Hungary,0.666666667
1252,Czechia,Poland,0.664477799
546,Belgium,Italy,0.650433307
562,"Moldova, Republic of",Italy,0.650433307
242,Romania,Armenia,0.647435897
1054,Malta,Lithuania,0.638993121
466,Ukraine,Sweden,0.638550136
118,France,Iceland,0.631944444
131,Norway,Iceland,0.631944444
126,Latvia,Iceland,0.631944444
112,Belarus,Iceland,0.631944444
137,Slovenia,Iceland,0.631944444
821,San Marino,Denmark,0.626587302
828,United Kingdom,Denmark,0.626587302
901,Albania,United Kingdom,0.621442841
468,Albania,France,0.620636658
379,Lithuania,Austria,0.613046845
376,Israel,Austria,0.613046845
957,Finland,Israel,0.60271509
966,Latvia,Israel,0.60271509
532,Romania,Russian Federation,0.602442499
1209,Germany,Belgium,0.595997498
1200,Belarus,Belgium,0.595997498
1511,Bulgaria,Poland,0.585365854
1816,Georgia,North Macedonia,0.575
1809,Switzerland,North Macedonia,0.575
1795,Sweden,North Macedonia,0.575
1361,Belgium,Albania,0.574610806
1355,Serbia,Italy,0.563853301
1310,Belarus,Georgia,0.553470919
1321,Hungary,Georgia,0.553470919
1325,Italy,Georgia,0.553470919
188,North Macedonia,Romania,0.551282051
204,Norway,Romania,0.551282051
1147,Russian Federation,Cyprus,0.549100777
991,Cyprus,Estonia,0.544619963
992,Czechia,Estonia,0.544619963
594,Israel,Slovenia,0.530952381
605,Russian Federation,Slovenia,0.530952381
654,Belgium,Spain,0.526463961
467,United Kingdom,Sweden,0.520037697
463,Spain,Sweden,0.520037697
462,Slovenia,Sweden,0.520037697
437,Belgium,Sweden,0.520037697
446,Hungary,Sweden,0.520037697
523,Italy,Russian Federation,0.500612362
525,Lithuania,Russian Federation,0.500612362
526,Malta,Russian Federation,0.500612362
422,Romania,Germany,0.488095238
1454,Bulgaria,Italy,0.485481998
1156,Albania,Australia,0.472450192
982,Netherlands,Israel,0.46484261
932,Spain,United Kingdom,0.454776175
645,Switzerland,Finland,0.444444444
619,Denmark,Finland,0.444444444
624,Germany,Finland,0.444444444
615,Austria,Finland,0.444444444
10,France,Ukraine,0.436241773
1,Armenia,Ukraine,0.436241773
1782,Czechia,Switzerland,0.425
848,Latvia,Netherlands,0.414859457
838,Finland,Netherlands,0.414859457
361,Armenia,Austria,0.413046845
773,Ireland,Malta,0.406955736
766,Finland,Malta,0.406955736
948,Austria,Israel,0.40271509
810,Italy,Denmark,0.376587302
427,Sweden,Germany,0.366095625
425,Slovenia,Germany,0.366095625
420,Poland,Germany,0.366095625
341,Italy,Greece,0.354344729
1130,Georgia,Cyprus,0.349100777
1123,Belgium,Cyprus,0.349100777
1141,"Moldova, Republic of",Cyprus,0.349100777
1119,Australia,Cyprus,0.349100777
1272,Iceland,Latvia,0.347091932
1260,Belgium,Latvia,0.347091932
1287,Slovenia,Latvia,0.347091932
1267,France,Latvia,0.347091932
1256,Australia,Latvia,0.347091932
234,Latvia,Armenia,0.342193037
238,Montenegro,Armenia,0.342193037
220,Belgium,Armenia,0.342193037
237,"Moldova, Republic of",Armenia,0.342193037
246,Spain,Armenia,0.342193037
1412,North Macedonia,Czechia,0.331547619
1404,Belarus,Czechia,0.331547619
1432,Serbia,Czechia,0.331547619
1408,Croatia,Czechia,0.331547619
1439,United Kingdom,Czechia,0.331547619
1411,Estonia,Czechia,0.331547619
1413,Finland,Czechia,0.331547619
596,Latvia,Slovenia,0.330952381
602,Poland,Slovenia,0.330952381
581,Belarus,Slovenia,0.330952381
1091,Italy,Serbia,0.329389797
700,Iceland,Switzerland,0.323611111
712,Romania,Switzerland,0.323611111
702,Israel,Switzerland,0.323611111
715,Slovenia,Switzerland,0.323611111
1021,Netherlands,Estonia,0.303525641
459,Romania,Sweden,0.302094017
729,North Macedonia,Hungary,0.301615593
1005,Latvia,Estonia,0.294619963
916,Iceland,United Kingdom,0.288109508
478,Georgia,France,0.287303324
856,Romania,Netherlands,0.256379199
385,Portugal,Austria,0.248015873
1298,Cyprus,Spain,0.242867864
1283,Romania,Latvia,0.230769231
90,Latvia,Azerbaijan,0.230358818
91,Lithuania,Azerbaijan,0.230358818
862,Switzerland,Netherlands,0.214859457
665,Ireland,Spain,0.193130627
453,Malta,Sweden,0.186704364
1487,"Moldova, Republic of",Bulgaria,0.155632985
549,North Macedonia,Italy,0.150433307
1150,Slovenia,Cyprus,0.149100777
158,Hungary,Norway,0.143748474
174,Spain,Norway,0.143748474
169,Portugal,Norway,0.143748474
1046,Germany,Lithuania,0.138993121
1062,San Marino,Lithuania,0.138993121
1503,Croatia,Sweden,0.133689024
501,Netherlands,France,0.133335939
127,Lithuania,Iceland,0.131944444
123,Ireland,Iceland,0.131944444
597,Lithuania,Slovenia,0.130952381
802,France,Denmark,0.126587302
1458,Croatia,Israel,0.125188734
912,Georgia,United Kingdom,0.121442841
925,Norway,United Kingdom,0.121442841
485,Italy,France,0.120636658
618,Belgium,Finland,0.111111111
637,Poland,Finland,0.111111111
631,Latvia,Finland,0.111111111
641,San Marino,Finland,0.111111111
1528,Ukraine,Lithuania,0.108401084
1294,Cyprus,Romania,0.102564103
721,Albania,Hungary,0.101615593
1215,Italy,Belgium,0.095997498
1212,Iceland,Belgium,0.095997498
1210,Greece,Belgium,0.095997498
1217,Lithuania,Belgium,0.095997498
1204,Estonia,Belgium,0.095997498
1201,Cyprus,Belgium,0.095997498
1206,Finland,Belgium,0.095997498
676,Romania,Spain,0.080537241
1358,Austria,Albania,0.074610806
1171,Greece,Australia,0.072450192
1187,San Marino,Australia,0.072450192
1320,Greece,Georgia,0.053470919
1326,Latvia,Georgia,0.053470919
1612,Netherlands,Cyprus,0.047619048
999,Greece,Estonia,0.044619963
1002,Ireland,Estonia,0.044619963
1600,Croatia,Austria,0.04026326
416,Malta,Germany,0.032762292
417,"Moldova, Republic of",Germany,0.032762292
424,San Marino,Germany,0.032762292
673,Norway,Spain,0.026463961
340,Israel,Greece,0.021011396
359,United Kingdom,Greece,0.021011396
464,Switzerland,Sweden,0.020037697
859,Slovenia,Netherlands,0.014859457
860,Spain,Netherlands,0.014859457
390,Spain,Austria,0.013046845
1406,Bosnia and Herzegovina,Czechia,0
646,Netherlands,Finland,0
565,Poland,Italy,-0.01623336
544,Azerbaijan,Italy,-0.01623336
568,Russian Federation,Italy,-0.01623336
1514,Bulgaria,Australia,-0.029036005
913,Germany,United Kingdom,-0.045223825
500,Switzerland,France,-0.046030009
492,Poland,France,-0.046030009
489,"Moldova, Republic of",France,-0.046030009
1131,Germany,Cyprus,-0.050899223
1139,Lithuania,Cyprus,-0.050899223
147,Azerbaijan,Norway,-0.056251526
148,Belarus,Norway,-0.056251526
7,Estonia,Ukraine,-0.063758227
580,Azerbaijan,Slovenia,-0.069047619
589,Germany,Slovenia,-0.069047619
591,Hungary,Slovenia,-0.069047619
1437,Netherlands,Czechia,-0.075
283,Sweden,Montenegro,-0.077991453
255,Azerbaijan,Montenegro,-0.077991453
742,"Moldova, Republic of",Hungary,-0.098384407
734,Greece,Hungary,-0.098384407
1040,Denmark,Lithuania,-0.111006879
795,Austria,Denmark,-0.123412698
811,Latvia,Denmark,-0.123412698
26,Portugal,Ukraine,-0.125661376
1186,Russian Federation,Australia,-0.127549808
1174,Ireland,Australia,-0.127549808
1161,Belgium,Australia,-0.127549808
1176,Italy,Australia,-0.127549808
1302,Cyprus,Hungary,-0.129924953
1303,Czechia,Hungary,-0.129924953
296,North Macedonia,Poland,-0.131088875
316,San Marino,Poland,-0.131088875
662,Greece,Spain,-0.140202706
668,Latvia,Spain,-0.140202706
669,Lithuania,Spain,-0.140202706
679,Slovenia,Spain,-0.140202706
1248,Czechia,Germany,-0.144018583
1247,Cyprus,Germany,-0.144018583
869,Belarus,San Marino,-0.144444444
876,Georgia,San Marino,-0.144444444
1621,Serbia,Denmark,-0.146031746
461,San Marino,Sweden,-0.146628969
1269,Germany,Latvia,-0.152908068
1300,Serbia,Spain,-0.157132136
1297,Australia,Spain,-0.157132136
1401,Australia,Czechia,-0.168452381
1423,Latvia,Czechia,-0.168452381
1429,Poland,Czechia,-0.168452381
1428,Norway,Czechia,-0.168452381
691,Denmark,Switzerland,-0.176388889
699,Hungary,Switzerland,-0.176388889
709,Norway,Switzerland,-0.176388889
1470,Czechia,Bulgaria,-0.177700348
1482,Israel,Bulgaria,-0.177700348
1483,Italy,Bulgaria,-0.177700348
1506,Croatia,Germany,-0.180023229
559,Latvia,Italy,-0.182900027
833,Belarus,Netherlands,-0.185140543
842,Greece,Netherlands,-0.185140543
837,North Macedonia,Netherlands,-0.185140543
387,Russian Federation,Austria,-0.186953155
375,Ireland,Austria,-0.186953155
372,Greece,Austria,-0.186953155
1601,Bosnia and Herzegovina,United Kingdom,-0.195121951
952,Cyprus,Israel,-0.19728491
981,Switzerland,Israel,-0.19728491
1000,Hungary,Estonia,-0.205380037
1018,Spain,Estonia,-0.205380037
989,Belarus,Estonia,-0.205380037
906,Belgium,United Kingdom,-0.211890492
1736,Cyprus,Portugal,-0.214285714
1733,Belgium,Portugal,-0.214285714
1734,Bulgaria,Portugal,-0.214285714
1756,Norway,Portugal,-0.214285714
1735,Croatia,Portugal,-0.214285714
1607,Netherlands,Australia,-0.214285714
1737,Czechia,Portugal,-0.214285714
1738,Denmark,Portugal,-0.214285714
1757,Poland,Portugal,-0.214285714
1758,Romania,Portugal,-0.214285714
1739,Estonia,Portugal,-0.214285714
1740,North Macedonia,Portugal,-0.214285714
1755,Montenegro,Portugal,-0.214285714
1759,Russian Federation,Portugal,-0.214285714
1748,Ireland,Portugal,-0.214285714
1727,Albania,Portugal,-0.214285714
1747,Iceland,Portugal,-0.214285714
1749,Israel,Portugal,-0.214285714
1750,Italy,Portugal,-0.214285714
1746,Hungary,Portugal,-0.214285714
1745,Greece,Portugal,-0.214285714
1744,Germany,Portugal,-0.214285714
1728,Armenia,Portugal,-0.214285714
1753,Malta,Portugal,-0.214285714
1729,Australia,Portugal,-0.214285714
1751,Latvia,Portugal,-0.214285714
1752,Lithuania,Portugal,-0.214285714
1730,Austria,Portugal,-0.214285714
1731,Azerbaijan,Portugal,-0.214285714
1732,Belarus,Portugal,-0.214285714
1754,"Moldova, Republic of",Portugal,-0.214285714
1741,Finland,Portugal,-0.214285714
1767,Ukraine,Portugal,-0.214285714
1760,San Marino,Portugal,-0.214285714
1761,Serbia,Portugal,-0.214285714
1768,United Kingdom,Portugal,-0.214285714
1743,Georgia,Portugal,-0.214285714
1762,Slovenia,Portugal,-0.214285714
1763,Spain,Portugal,-0.214285714
1764,Sweden,Portugal,-0.214285714
1766,Netherlands,Portugal,-0.214285714
1623,Bulgaria,Estonia,-0.214285714
1024,Cyprus,United Kingdom,-0.232046368
1025,Czechia,United Kingdom,-0.232046368
1026,Serbia,United Kingdom,-0.232046368
1145,Portugal,Cyprus,-0.240453297
1573,Bosnia and Herzegovina,Spain,-0.243902439
1504,Bosnia and Herzegovina,Germany,-0.243902439
682,Netherlands,Spain,-0.246018345
519,Hungary,Russian Federation,-0.249387638
1126,Estonia,Cyprus,-0.250899223
166,"Moldova, Republic of",Norway,-0.256251526
146,Austria,Norway,-0.256251526
1603,Croatia,United Kingdom,-0.258006678
757,Albania,Malta,-0.25971093
775,Italy,Malta,-0.25971093
58,Montenegro,Belarus,-0.259722222
52,Israel,Belarus,-0.259722222
1668,Romania,Ireland,-0.261904762
1673,Spain,Ireland,-0.261904762
1678,United Kingdom,Ireland,-0.261904762
1456,Bosnia and Herzegovina,Israel,-0.268292683
592,Iceland,Slovenia,-0.269047619
579,Austria,Slovenia,-0.269047619
88,Israel,Azerbaijan,-0.269641182
77,Denmark,Azerbaijan,-0.269641182
746,Portugal,Hungary,-0.281517094
683,Ukraine,Spain,-0.289150213
752,Sweden,Hungary,-0.298384407
737,Israel,Hungary,-0.298384407
726,Belgium,Hungary,-0.298384407
431,United Kingdom,Germany,-0.300571041
413,Italy,Germany,-0.300571041
397,Armenia,Germany,-0.300571041
399,Azerbaijan,Germany,-0.300571041
412,Israel,Germany,-0.300571041
652,Azerbaijan,Spain,-0.306869373
1715,San Marino,"Moldova, Republic of",-0.30952381
1701,Hungary,"Moldova, Republic of",-0.30952381
344,Malta,Greece,-0.312321937
352,San Marino,Greece,-0.312321937
449,Israel,Sweden,-0.313295636
434,Austria,Sweden,-0.313295636
2,Austria,Ukraine,-0.313758227
20,Lithuania,Ukraine,-0.313758227
1602,Bulgaria,United Kingdom,-0.319008904
493,Portugal,France,-0.323528694
244,San Marino,Armenia,-0.324473629
227,Germany,Armenia,-0.324473629
1838,Czechia,Belarus,-0.325
1841,Australia,Belarus,-0.325
1840,Serbia,Belarus,-0.325
1839,Cyprus,Belarus,-0.325
1842,Croatia,Belarus,-0.325
1162,Cyprus,Australia,-0.327549808
1165,Estonia,Australia,-0.327549808
1172,Hungary,Australia,-0.327549808
429,Netherlands,Germany,-0.331808943
1630,Cyprus,Finland,-0.333333333
1628,Bulgaria,Finland,-0.333333333
1629,Croatia,Finland,-0.333333333
1631,Czechia,Finland,-0.333333333
1633,Netherlands,Finland,-0.333333333
1632,Serbia,Finland,-0.333333333
1452,Croatia,Hungary,-0.344173442
1516,Ukraine,Australia,-0.362369338
575,Ukraine,Italy,-0.365055168
1450,Bosnia and Herzegovina,Hungary,-0.365853659
1574,Bulgaria,Spain,-0.367015099
134,Romania,Iceland,-0.368055556
115,Estonia,Iceland,-0.368055556
1582,Bulgaria,Ukraine,-0.372048006
818,Portugal,Denmark,-0.373412698
1837,Croatia,Greece,-0.375
935,Netherlands,United Kingdom,-0.377359548
933,Sweden,United Kingdom,-0.378557159
902,Armenia,United Kingdom,-0.378557159
934,Switzerland,United Kingdom,-0.378557159
929,Russian Federation,United Kingdom,-0.378557159
931,Slovenia,United Kingdom,-0.378557159
920,Latvia,United Kingdom,-0.378557159
926,Poland,United Kingdom,-0.378557159
924,Montenegro,United Kingdom,-0.378557159
923,"Moldova, Republic of",United Kingdom,-0.378557159
903,Austria,United Kingdom,-0.378557159
919,Italy,United Kingdom,-0.378557159
918,Israel,United Kingdom,-0.378557159
914,Greece,United Kingdom,-0.378557159
911,France,United Kingdom,-0.378557159
910,Finland,United Kingdom,-0.378557159
909,North Macedonia,United Kingdom,-0.378557159
908,Estonia,United Kingdom,-0.378557159
905,Belarus,United Kingdom,-0.378557159
904,Azerbaijan,United Kingdom,-0.378557159
915,Hungary,United Kingdom,-0.378557159
921,Lithuania,United Kingdom,-0.378557159
471,Azerbaijan,France,-0.379363342
499,Sweden,France,-0.379363342
480,Greece,France,-0.379363342
1777,Netherlands,United Kingdom,-0.380952381
854,Poland,Netherlands,-0.385140543
839,France,Netherlands,-0.385140543
370,Georgia,Austria,-0.386953155
377,Italy,Austria,-0.386953155
395,United Kingdom,Austria,-0.386953155
899,Ukraine,San Marino,-0.388888889
1588,Bosnia and Herzegovina,Malta,-0.390243902
1589,Bulgaria,Malta,-0.390243902
964,Ireland,Israel,-0.39728491
961,Greece,Israel,-0.39728491
1229,Spain,Belgium,-0.404002502
1219,"Moldova, Republic of",Belgium,-0.404002502
1208,Georgia,Belgium,-0.404002502
1202,Czechia,Belgium,-0.404002502
927,Portugal,United Kingdom,-0.4152442
928,Romania,United Kingdom,-0.4152442
1455,Croatia,Italy,-0.423388502
1389,Slovenia,Albania,-0.425389194
1773,Netherlands,Spain,-0.428571429
1592,Czechia,Malta,-0.445121951
1590,Croatia,Malta,-0.445121951
1591,Cyprus,Malta,-0.445121951
1593,Serbia,Malta,-0.445121951
1315,Estonia,Georgia,-0.446529081
1307,Australia,Georgia,-0.446529081
1311,Belgium,Georgia,-0.446529081
611,Ukraine,Slovenia,-0.448412698
186,Denmark,Romania,-0.448717949
196,Ireland,Romania,-0.448717949
1142,Montenegro,Cyprus,-0.450899223
1135,Ireland,Cyprus,-0.450899223
566,Portugal,Italy,-0.453626374
987,Austria,Estonia,-0.455380037
153,Finland,Norway,-0.456251526
179,United Kingdom,Norway,-0.456251526
151,Estonia,Norway,-0.456251526
1110,Cyprus,Norway,-0.459203297
1112,Serbia,Norway,-0.459203297
1502,Bulgaria,Sweden,-0.463414634
308,Lithuania,Poland,-0.464422208
407,Georgia,Germany,-0.467237708
608,Sweden,Slovenia,-0.469047619
601,Norway,Slovenia,-0.469047619
586,Finland,Slovenia,-0.469047619
1236,Czechia,Austria,-0.469802555
1072,Australia,Serbia,-0.470610203
674,Poland,Spain,-0.473536039
672,Montenegro,Spain,-0.473536039
650,Armenia,Spain,-0.473536039
656,Estonia,Spain,-0.473536039
1238,Australia,Greece,-0.482371795
1241,Serbia,Greece,-0.482371795
1240,Czechia,Greece,-0.482371795
458,Portugal,Sweden,-0.497905983
750,Slovenia,Hungary,-0.498384407
748,Russian Federation,Hungary,-0.498384407
735,Iceland,Hungary,-0.498384407
533,San Marino,Russian Federation,-0.499387638
1774,Netherlands,Sweden,-0.5
1465,Belarus,Bulgaria,-0.511033682
936,Ukraine,United Kingdom,-0.517034456
105,Netherlands,Azerbaijan,-0.519641182
1246,Australia,Germany,-0.544018583
491,Norway,France,-0.546030009
495,Russian Federation,France,-0.546030009
1772,Netherlands,Slovenia,-0.547619048
1770,Bulgaria,Slovenia,-0.547619048
1299,Czechia,Spain,-0.557132136
8,North Macedonia,Ukraine,-0.563758227
14,Hungary,Ukraine,-0.563758227
9,Finland,Ukraine,-0.563758227
1223,Portugal,Belgium,-0.564102564
1444,Cyprus,Netherlands,-0.578647901
1440,Australia,Netherlands,-0.578647901
864,United Kingdom,Netherlands,-0.585140543
1596,Croatia,Georgia,-0.585365854
1595,Bulgaria,Georgia,-0.585365854
1594,Bosnia and Herzegovina,Georgia,-0.585365854
381,"Moldova, Republic of",Austria,-0.586953155
365,Denmark,Austria,-0.586953155
780,Norway,Malta,-0.593044264
779,Montenegro,Malta,-0.593044264
789,Switzerland,Malta,-0.593044264
778,"Moldova, Republic of",Malta,-0.593044264
777,Lithuania,Malta,-0.593044264
781,Poland,Malta,-0.593044264
776,Latvia,Malta,-0.593044264
774,Israel,Malta,-0.593044264
784,Russian Federation,Malta,-0.593044264
786,Slovenia,Malta,-0.593044264
772,Iceland,Malta,-0.593044264
787,Spain,Malta,-0.593044264
771,Hungary,Malta,-0.593044264
770,Greece,Malta,-0.593044264
769,Germany,Malta,-0.593044264
768,Georgia,Malta,-0.593044264
767,France,Malta,-0.593044264
764,Estonia,Malta,-0.593044264
788,Sweden,Malta,-0.593044264
762,Belgium,Malta,-0.593044264
761,Belarus,Malta,-0.593044264
759,Austria,Malta,-0.593044264
763,Denmark,Malta,-0.593044264
1575,Croatia,Spain,-0.600261324
754,Netherlands,Hungary,-0.608418456
809,Israel,Denmark,-0.623412698
816,Norway,Denmark,-0.623412698
819,Romania,Denmark,-0.623412698
801,Finland,Denmark,-0.623412698
401,Belgium,Germany,-0.633904375
408,Greece,Germany,-0.633904375
415,Lithuania,Germany,-0.633904375
791,Ukraine,Malta,-0.639566396
661,Germany,Spain,-0.640202706
677,Russian Federation,Spain,-0.640202706
671,"Moldova, Republic of",Spain,-0.640202706
680,Sweden,Spain,-0.640202706
889,Norway,San Marino,-0.644444444
886,Malta,San Marino,-0.644444444
890,Poland,San Marino,-0.644444444
891,Portugal,San Marino,-0.644444444
885,Lithuania,San Marino,-0.644444444
892,Romania,San Marino,-0.644444444
898,Netherlands,San Marino,-0.644444444
882,Israel,San Marino,-0.644444444
884,Latvia,San Marino,-0.644444444
883,Italy,San Marino,-0.644444444
894,Slovenia,San Marino,-0.644444444
881,Ireland,San Marino,-0.644444444
880,Iceland,San Marino,-0.644444444
878,Greece,San Marino,-0.644444444
877,Germany,San Marino,-0.644444444
875,France,San Marino,-0.644444444
874,Finland,San Marino,-0.644444444
872,Estonia,San Marino,-0.644444444
871,Denmark,San Marino,-0.644444444
870,Belgium,San Marino,-0.644444444
867,Austria,San Marino,-0.644444444
893,Russian Federation,San Marino,-0.644444444
896,Sweden,San Marino,-0.644444444
895,Spain,San Marino,-0.644444444
900,United Kingdom,San Marino,-0.644444444
897,Switzerland,San Marino,-0.644444444
339,Ireland,Greece,-0.645655271
353,Slovenia,Greece,-0.645655271
354,Spain,Greece,-0.645655271
355,Sweden,Greece,-0.645655271
347,Norway,Greece,-0.645655271
346,Montenegro,Greece,-0.645655271
345,"Moldova, Republic of",Greece,-0.645655271
356,Switzerland,Greece,-0.645655271
343,Lithuania,Greece,-0.645655271
357,Netherlands,Greece,-0.645655271
342,Latvia,Greece,-0.645655271
338,Iceland,Greece,-0.645655271
337,Hungary,Greece,-0.645655271
336,Germany,Greece,-0.645655271
334,France,Greece,-0.645655271
333,Finland,Greece,-0.645655271
332,North Macedonia,Greece,-0.645655271
331,Estonia,Greece,-0.645655271
330,Denmark,Greece,-0.645655271
329,Belgium,Greece,-0.645655271
326,Austria,Greece,-0.645655271
350,Romania,Greece,-0.645655271
348,Poland,Greece,-0.645655271
349,Portugal,Greece,-0.645655271
448,Ireland,Sweden,-0.646628969
444,Germany,Sweden,-0.646628969
1289,Sweden,Latvia,-0.652908068
1258,Azerbaijan,Latvia,-0.652908068
1262,Czechia,Latvia,-0.652908068
1271,Hungary,Latvia,-0.652908068
1515,Croatia,Australia,-0.653027003
171,Russian Federation,Norway,-0.656251526
165,Malta,Norway,-0.656251526
170,Romania,Norway,-0.656251526
229,Hungary,Armenia,-0.657806963
1425,Malta,Czechia,-0.668452381
1435,Sweden,Czechia,-0.668452381
603,Portugal,Slovenia,-0.669047619
599,"Moldova, Republic of",Slovenia,-0.669047619
593,Ireland,Slovenia,-0.669047619
590,Greece,Slovenia,-0.669047619
607,Spain,Slovenia,-0.669047619
588,Georgia,Slovenia,-0.669047619
612,United Kingdom,Slovenia,-0.669047619
595,Italy,Slovenia,-0.669047619
606,San Marino,Slovenia,-0.669047619
583,Denmark,Slovenia,-0.669047619
587,France,Slovenia,-0.669047619
582,Belgium,Slovenia,-0.669047619
604,Romania,Slovenia,-0.669047619
598,Malta,Slovenia,-0.669047619
578,Armenia,Slovenia,-0.669047619
577,Albania,Slovenia,-0.669047619
609,Switzerland,Slovenia,-0.669047619
708,Montenegro,Switzerland,-0.676388889
690,Belgium,Switzerland,-0.676388889
714,San Marino,Switzerland,-0.676388889
703,Italy,Switzerland,-0.676388889
782,Portugal,Malta,-0.694444444
783,Romania,Malta,-0.694444444
741,Malta,Hungary,-0.698384407
733,Germany,Hungary,-0.698384407
430,Ukraine,Germany,-0.700856562
1010,Norway,Estonia,-0.705380037
1584,Cyprus,Ukraine,-0.70538134
488,Malta,France,-0.712696676
474,Denmark,France,-0.712696676
475,Estonia,France,-0.712696676
1234,Australia,Austria,-0.719802555
494,Romania,France,-0.723528694
1163,Czechia,Australia,-0.727549808
1188,Serbia,Australia,-0.727549808
1180,"Moldova, Republic of",Australia,-0.727549808
1192,Switzerland,Australia,-0.727549808
1160,Belarus,Australia,-0.727549808
531,Portugal,Russian Federation,-0.730890835
1775,Netherlands,Netherlands,-0.744186047
521,Ireland,Russian Federation,-0.749387638
506,Austria,Russian Federation,-0.749387638
610,Netherlands,Slovenia,-0.75
755,Ukraine,Hungary,-0.751185637
386,Romania,Austria,-0.751984127
56,Malta,Belarus,-0.759722222
45,France,Belarus,-0.759722222
66,Spain,Belarus,-0.759722222
43,North Macedonia,Belarus,-0.759722222
54,Latvia,Belarus,-0.759722222
46,Georgia,Belarus,-0.759722222
44,Finland,Belarus,-0.759722222
48,Greece,Belarus,-0.759722222
53,Italy,Belarus,-0.759722222
49,Hungary,Belarus,-0.759722222
50,Iceland,Belarus,-0.759722222
51,Ireland,Belarus,-0.759722222
47,Germany,Belarus,-0.759722222
68,Switzerland,Belarus,-0.759722222
65,Slovenia,Belarus,-0.759722222
59,Norway,Belarus,-0.759722222
60,Poland,Belarus,-0.759722222
67,Sweden,Belarus,-0.759722222
42,Estonia,Belarus,-0.759722222
41,Denmark,Belarus,-0.759722222
61,Portugal,Belarus,-0.759722222
71,United Kingdom,Belarus,-0.759722222
40,Belgium,Belarus,-0.759722222
38,Austria,Belarus,-0.759722222
69,Netherlands,Belarus,-0.759722222
62,Romania,Belarus,-0.759722222
64,San Marino,Belarus,-0.759722222
36,Albania,Belarus,-0.759722222
1115,Czechia,Sweden,-0.764843652
107,United Kingdom,Azerbaijan,-0.769641182
103,Sweden,Azerbaijan,-0.769641182
95,Norway,Azerbaijan,-0.769641182
72,Albania,Azerbaijan,-0.769641182
939,Czechia,Slovenia,-0.773809524
937,Australia,Slovenia,-0.773809524
938,Cyprus,Slovenia,-0.773809524
1448,Bulgaria,Azerbaijan,-0.780487805
1154,Netherlands,Cyprus,-0.783244736
1726,Netherlands,Norway,-0.785714286
378,Latvia,Austria,-0.786953155
380,Malta,Austria,-0.786953155
297,Finland,Poland,-0.797755542
320,Switzerland,Poland,-0.797755542
318,Spain,Poland,-0.797755542
317,Slovenia,Poland,-0.797755542
315,Russian Federation,Poland,-0.797755542
307,Latvia,Poland,-0.797755542
288,Albania,Poland,-0.797755542
294,Denmark,Poland,-0.797755542
291,Azerbaijan,Poland,-0.797755542
1549,Iceland,Croatia,-0.804878049
1566,Switzerland,Croatia,-0.804878049
1538,Cyprus,Croatia,-0.804878049
1565,Sweden,Croatia,-0.804878049
1540,Denmark,Croatia,-0.804878049
1541,Estonia,Croatia,-0.804878049
1543,Finland,Croatia,-0.804878049
1544,France,Croatia,-0.804878049
1545,Georgia,Croatia,-0.804878049
1546,Germany,Croatia,-0.804878049
1547,Greece,Croatia,-0.804878049
1548,Hungary,Croatia,-0.804878049
1550,Ireland,Croatia,-0.804878049
1535,Belgium,Croatia,-0.804878049
1551,Israel,Croatia,-0.804878049
1552,Italy,Croatia,-0.804878049
1553,Latvia,Croatia,-0.804878049
1554,Lithuania,Croatia,-0.804878049
1555,Malta,Croatia,-0.804878049
1556,"Moldova, Republic of",Croatia,-0.804878049
1558,Norway,Croatia,-0.804878049
1559,Poland,Croatia,-0.804878049
1560,Russian Federation,Croatia,-0.804878049
1561,San Marino,Croatia,-0.804878049
1564,Spain,Croatia,-0.804878049
1537,Bulgaria,Croatia,-0.804878049
1539,Czechia,Croatia,-0.804878049
1534,Belarus,Croatia,-0.804878049
1533,Azerbaijan,Croatia,-0.804878049
1532,Austria,Croatia,-0.804878049
1531,Australia,Croatia,-0.804878049
1530,Armenia,Croatia,-0.804878049
1529,Albania,Croatia,-0.804878049
1569,United Kingdom,Croatia,-0.804878049
1568,Ukraine,Croatia,-0.804878049
1567,Netherlands,Croatia,-0.804878049
660,Georgia,Spain,-0.806869373
658,Finland,Spain,-0.806869373
655,Denmark,Spain,-0.806869373
657,North Macedonia,Spain,-0.806869373
663,Hungary,Spain,-0.806869373
651,Austria,Spain,-0.806869373
653,Belarus,Spain,-0.806869373
664,Iceland,Spain,-0.806869373
667,Italy,Spain,-0.806869373
678,San Marino,Spain,-0.806869373
670,Malta,Spain,-0.806869373
1442,Bulgaria,Netherlands,-0.813197202
432,Albania,Sweden,-0.813295636
31,Spain,Ukraine,-0.813758227
1453,Bosnia and Herzegovina,Italy,-0.829268293
1407,Bulgaria,Czechia,-0.841269841
1466,Belgium,Bulgaria,-0.844367015
1463,Austria,Bulgaria,-0.844367015
1475,France,Bulgaria,-0.844367015
1489,Norway,Bulgaria,-0.844367015
1481,Ireland,Bulgaria,-0.844367015
542,Armenia,Italy,-0.849566693
570,Slovenia,Italy,-0.849566693
1152,Sweden,Cyprus,-0.850899223
241,Portugal,Armenia,-0.852564103
154,France,Norway,-0.856251526
1031,Albania,Lithuania,-0.861006879
1049,Iceland,Lithuania,-0.861006879
138,Spain,Iceland,-0.868055556
120,Germany,Iceland,-0.868055556
1101,Russian Federation,Serbia,-0.870610203
1078,Czechia,Serbia,-0.870610203
825,Switzerland,Denmark,-0.873412698
1581,Bosnia and Herzegovina,Ukraine,-0.87804878
470,Austria,France,-0.879363342
490,Montenegro,France,-0.879363342
481,Hungary,France,-0.879363342
496,San Marino,France,-0.879363342
643,Spain,Finland,-0.888888889
633,Malta,Finland,-0.888888889
638,Portugal,Finland,-0.888888889
642,Slovenia,Finland,-0.888888889
635,Montenegro,Finland,-0.888888889
639,Romania,Finland,-0.888888889
634,"Moldova, Republic of",Finland,-0.888888889
628,Ireland,Finland,-0.888888889
632,Lithuania,Finland,-0.888888889
629,Israel,Finland,-0.888888889
647,Ukraine,Finland,-0.888888889
625,Greece,Finland,-0.888888889
623,Georgia,Finland,-0.888888889
622,France,Finland,-0.888888889
621,North Macedonia,Finland,-0.888888889
617,Belarus,Finland,-0.888888889
616,Azerbaijan,Finland,-0.888888889
614,Armenia,Finland,-0.888888889
613,Albania,Finland,-0.888888889
640,Russian Federation,Finland,-0.888888889
1614,Romania,Czechia,-0.891269841
1295,Czechia,Romania,-0.897435897
1293,Australia,Romania,-0.897435897
1296,Serbia,Romania,-0.897435897
738,Italy,Hungary,-0.898384407
1393,Netherlands,Albania,-0.898397436
1832,Czechia,San Marino,-0.9
1833,Cyprus,San Marino,-0.9
1834,Serbia,San Marino,-0.9
1835,Australia,San Marino,-0.9
1222,Poland,Belgium,-0.904002502
1214,Israel,Belgium,-0.904002502
1198,Austria,Belgium,-0.904002502
1226,San Marino,Belgium,-0.904002502
1205,North Macedonia,Belgium,-0.904002502
1385,Romania,Albania,-0.925389194
1388,Serbia,Albania,-0.925389194
1368,France,Albania,-0.925389194
1390,Spain,Albania,-0.925389194
1369,Georgia,Albania,-0.925389194
1370,Germany,Albania,-0.925389194
1384,Portugal,Albania,-0.925389194
1367,Finland,Albania,-0.925389194
1373,Iceland,Albania,-0.925389194
1374,Ireland,Albania,-0.925389194
1375,Israel,Albania,-0.925389194
1377,Latvia,Albania,-0.925389194
1378,Lithuania,Albania,-0.925389194
1386,Russian Federation,Albania,-0.925389194
1379,Malta,Albania,-0.925389194
1387,San Marino,Albania,-0.925389194
1380,"Moldova, Republic of",Albania,-0.925389194
1382,Norway,Albania,-0.925389194
1383,Poland,Albania,-0.925389194
1372,Hungary,Albania,-0.925389194
1357,Australia,Albania,-0.925389194
1359,Azerbaijan,Albania,-0.925389194
1360,Belarus,Albania,-0.925389194
1365,Estonia,Albania,-0.925389194
1364,Denmark,Albania,-0.925389194
1391,Sweden,Albania,-0.925389194
1363,Czechia,Albania,-0.925389194
1362,Cyprus,Albania,-0.925389194
1356,Armenia,Albania,-0.925389194
1394,United Kingdom,Albania,-0.925389194
1178,Lithuania,Australia,-0.927549808
1168,France,Australia,-0.927549808
1341,Switzerland,Georgia,-0.946529081
1339,Spain,Georgia,-0.946529081
1308,Austria,Georgia,-0.946529081
1340,Sweden,Georgia,-0.946529081
1316,North Macedonia,Georgia,-0.946529081
1305,Albania,Georgia,-0.946529081
1342,Netherlands,Georgia,-0.946529081
1343,United Kingdom,Georgia,-0.946529081
1338,Slovenia,Georgia,-0.946529081
1312,Cyprus,Georgia,-0.946529081
1328,Malta,Georgia,-0.946529081
1314,Denmark,Georgia,-0.946529081
1337,Serbia,Georgia,-0.946529081
1330,Montenegro,Georgia,-0.946529081
1317,Finland,Georgia,-0.946529081
1318,France,Georgia,-0.946529081
1319,Germany,Georgia,-0.946529081
1322,Iceland,Georgia,-0.946529081
1323,Ireland,Georgia,-0.946529081
1324,Israel,Georgia,-0.946529081
1336,San Marino,Georgia,-0.946529081
1332,Poland,Georgia,-0.946529081
1331,Norway,Georgia,-0.946529081
194,Hungary,Romania,-0.948717949
184,Belarus,Romania,-0.948717949
1441,Bosnia and Herzegovina,Netherlands,-0.951219512
1781,Ukraine,Albania,-0.952380952
1780,Netherlands,Albania,-0.952380952
1778,Bulgaria,Albania,-0.952380952
1019,Sweden,Estonia,-0.955380037
1001,Iceland,Estonia,-0.955380037
988,Azerbaijan,Estonia,-0.955380037
985,Armenia,Estonia,-0.955380037
1114,Cyprus,Sweden,-0.964843652
409,Hungary,Germany,-0.967237708
358,Ukraine,Greece,-0.972222222
360,Albania,Austria,-0.986953155
313,Portugal,Poland,-0.989316239
314,Romania,Poland,-0.989316239
236,Malta,Armenia,-0.991140296
1185,Romania,Australia,-0.994803114
1184,Portugal,Australia,-0.994803114
535,Spain,Russian Federation,-0.999387638
513,North Macedonia,Russian Federation,-0.999387638
514,Finland,Russian Federation,-0.999387638
555,Hungary,Italy,-1.01623336
552,Georgia,Italy,-1.01623336
85,Hungary,Azerbaijan,-1.019641182
96,Poland,Azerbaijan,-1.019641182
286,Ukraine,Montenegro,-1.027777778
1509,Croatia,France,-1.029515099
1583,Croatia,Ukraine,-1.038714673
479,Germany,France,-1.046030009
483,Ireland,France,-1.046030009
486,Latvia,France,-1.046030009
497,Slovenia,France,-1.046030009
476,North Macedonia,France,-1.046030009
503,United Kingdom,France,-1.046030009
472,Belarus,France,-1.046030009
157,Greece,Norway,-1.056251526
172,San Marino,Norway,-1.056251526
1520,Ukraine,Cyprus,-1.065814944
1030,Serbia,Armenia,-1.070043777
1107,Netherlands,Serbia,-1.070064624
1090,Israel,Serbia,-1.070610203
1083,France,Serbia,-1.070610203
1070,Albania,Serbia,-1.070610203
280,San Marino,Montenegro,-1.077991453
261,Finland,Montenegro,-1.077991453
285,Netherlands,Montenegro,-1.077991453
265,Greece,Montenegro,-1.077991453
264,Germany,Montenegro,-1.077991453
263,Georgia,Montenegro,-1.077991453
262,France,Montenegro,-1.077991453
258,Denmark,Montenegro,-1.077991453
259,Estonia,Montenegro,-1.077991453
267,Iceland,Montenegro,-1.077991453
257,Belgium,Montenegro,-1.077991453
256,Belarus,Montenegro,-1.077991453
254,Austria,Montenegro,-1.077991453
279,Russian Federation,Montenegro,-1.077991453
266,Hungary,Montenegro,-1.077991453
274,"Moldova, Republic of",Montenegro,-1.077991453
273,Malta,Montenegro,-1.077991453
278,Romania,Montenegro,-1.077991453
277,Portugal,Montenegro,-1.077991453
276,Poland,Montenegro,-1.077991453
275,Norway,Montenegro,-1.077991453
282,Spain,Montenegro,-1.077991453
287,United Kingdom,Montenegro,-1.077991453
272,Lithuania,Montenegro,-1.077991453
271,Latvia,Montenegro,-1.077991453
270,Italy,Montenegro,-1.077991453
269,Israel,Montenegro,-1.077991453
268,Ireland,Montenegro,-1.077991453
284,Switzerland,Montenegro,-1.077991453
1445,Czechia,Netherlands,-1.078647901
1443,Croatia,Netherlands,-1.078647901
727,Denmark,Hungary,-1.098384407
722,Armenia,Hungary,-1.098384407
1055,"Moldova, Republic of",Lithuania,-1.111006879
1831,Croatia,Iceland,-1.125
1189,Slovenia,Australia,-1.127549808
1243,Cyprus,Montenegro,-1.128205128
1242,Australia,Montenegro,-1.128205128
1244,Czechia,Montenegro,-1.128205128
1301,Australia,Hungary,-1.129924953
299,Georgia,Poland,-1.131088875
311,Montenegro,Poland,-1.131088875
305,Israel,Poland,-1.131088875
301,Greece,Poland,-1.131088875
443,Georgia,Sweden,-1.146628969
1290,Switzerland,Latvia,-1.152908068
1263,Denmark,Latvia,-1.152908068
1288,Spain,Latvia,-1.152908068
1277,Malta,Latvia,-1.152908068
1275,Italy,Latvia,-1.152908068
1419,Iceland,Czechia,-1.168452381
1430,Russian Federation,Czechia,-1.168452381
685,Albania,Switzerland,-1.176388889
689,Belarus,Switzerland,-1.176388889
707,"Moldova, Republic of",Switzerland,-1.176388889
697,Germany,Switzerland,-1.176388889
692,Estonia,Switzerland,-1.176388889
693,North Macedonia,Switzerland,-1.176388889
705,Lithuania,Switzerland,-1.176388889
1496,Sweden,Bulgaria,-1.177700348
1474,Finland,Bulgaria,-1.177700348
1479,Hungary,Bulgaria,-1.177700348
1477,Germany,Bulgaria,-1.177700348
973,Portugal,Israel,-1.179532967
550,Finland,Italy,-1.182900027
548,Estonia,Italy,-1.182900027
847,Italy,Netherlands,-1.185140543
1007,Malta,Estonia,-1.205380037
986,Australia,Estonia,-1.205380037
1395,Bosnia and Herzegovina,Belgium,-1.243902439
1396,Bulgaria,Belgium,-1.243902439
1397,Croatia,Belgium,-1.243902439
1398,Ukraine,Belgium,-1.243902439
943,Czechia,France,-1.244124899
944,Serbia,France,-1.244124899
515,France,Russian Federation,-1.249387638
1122,Belarus,Cyprus,-1.250899223
1129,France,Cyprus,-1.250899223
1153,Switzerland,Cyprus,-1.250899223
1663,"Moldova, Republic of",Ireland,-1.261904762
1672,Slovenia,Ireland,-1.261904762
1662,Malta,Ireland,-1.261904762
1664,Montenegro,Ireland,-1.261904762
1665,Norway,Ireland,-1.261904762
1669,Russian Federation,Ireland,-1.261904762
1661,Lithuania,Ireland,-1.261904762
1660,Latvia,Ireland,-1.261904762
1659,Italy,Ireland,-1.261904762
1658,Israel,Ireland,-1.261904762
1677,Ukraine,Ireland,-1.261904762
1657,Iceland,Ireland,-1.261904762
1638,Armenia,Ireland,-1.261904762
1641,Azerbaijan,Ireland,-1.261904762
1642,Belarus,Ireland,-1.261904762
1644,Bulgaria,Ireland,-1.261904762
1645,Croatia,Ireland,-1.261904762
1646,Cyprus,Ireland,-1.261904762
1675,Switzerland,Ireland,-1.261904762
1649,Estonia,Ireland,-1.261904762
1650,North Macedonia,Ireland,-1.261904762
1674,Sweden,Ireland,-1.261904762
1651,Finland,Ireland,-1.261904762
1652,France,Ireland,-1.261904762
1653,Georgia,Ireland,-1.261904762
1671,Serbia,Ireland,-1.261904762
1656,Hungary,Ireland,-1.261904762
1655,Greece,Ireland,-1.261904762
86,Iceland,Azerbaijan,-1.269641182
1108,United Kingdom,Serbia,-1.270610203
1517,Bosnia and Herzegovina,Cyprus,-1.292682927
751,Spain,Hungary,-1.298384407
740,Lithuania,Hungary,-1.298384407
732,Georgia,Hungary,-1.298384407
414,Latvia,Germany,-1.300571041
418,Montenegro,Germany,-1.300571041
423,Russian Federation,Germany,-1.300571041
406,France,Germany,-1.300571041
405,Finland,Germany,-1.300571041
404,North Macedonia,Germany,-1.300571041
400,Belarus,Germany,-1.300571041
403,Estonia,Germany,-1.300571041
1333,Portugal,Georgia,-1.307692308
1334,Romania,Georgia,-1.307692308
1703,Ireland,"Moldova, Republic of",-1.30952381
1704,Israel,"Moldova, Republic of",-1.30952381
1694,Estonia,"Moldova, Republic of",-1.30952381
1716,Serbia,"Moldova, Republic of",-1.30952381
1683,Armenia,"Moldova, Republic of",-1.30952381
1705,Italy,"Moldova, Republic of",-1.30952381
1700,Greece,"Moldova, Republic of",-1.30952381
1695,North Macedonia,"Moldova, Republic of",-1.30952381
442,France,Sweden,-1.313295636
454,"Moldova, Republic of",Sweden,-1.313295636
460,Russian Federation,Sweden,-1.313295636
13,Greece,Ukraine,-1.313758227
247,Sweden,Armenia,-1.324473629
222,Estonia,Armenia,-1.324473629
1446,Serbia,Netherlands,-1.328647901
1249,Serbia,Germany,-1.344018583
560,Lithuania,Italy,-1.349566693
1099,Portugal,Serbia,-1.350457875
1100,Romania,Serbia,-1.350457875
1052,Italy,Lithuania,-1.361006879
1056,Montenegro,Lithuania,-1.361006879
1116,Serbia,Sweden,-1.364843652
133,Portugal,Iceland,-1.368055556
113,Belgium,Iceland,-1.368055556
119,Georgia,Iceland,-1.368055556
109,Armenia,Iceland,-1.368055556
857,Russian Federation,Netherlands,-1.385140543
858,San Marino,Netherlands,-1.385140543
960,Germany,Israel,-1.39728491
945,Albania,Israel,-1.39728491
1216,Latvia,Belgium,-1.404002502
1196,Armenia,Belgium,-1.404002502
1634,Netherlands,France,-1.404761905
1725,Croatia,Norway,-1.407142857
1512,Croatia,Poland,-1.414634146
1824,Portugal,North Macedonia,-1.425
1807,Italy,North Macedonia,-1.425
1798,Netherlands,North Macedonia,-1.425
1806,France,North Macedonia,-1.425
1825,Romania,North Macedonia,-1.425
1803,Iceland,North Macedonia,-1.425
1791,Germany,North Macedonia,-1.425
1823,Poland,North Macedonia,-1.425
1818,Ireland,North Macedonia,-1.425
1821,"Moldova, Republic of",North Macedonia,-1.425
1820,Lithuania,North Macedonia,-1.425
1819,Latvia,North Macedonia,-1.425
1817,Hungary,North Macedonia,-1.425
1810,Australia,North Macedonia,-1.425
1790,Armenia,North Macedonia,-1.425
1799,Greece,North Macedonia,-1.425
1815,Finland,North Macedonia,-1.425
1813,Belgium,North Macedonia,-1.425
1811,Spain,North Macedonia,-1.425
1812,Austria,North Macedonia,-1.425
1800,Israel,North Macedonia,-1.425
1789,Czechia,North Macedonia,-1.425
1826,Belarus,North Macedonia,-1.425
1804,Estonia,North Macedonia,-1.425
1793,Denmark,North Macedonia,-1.425
1794,San Marino,North Macedonia,-1.425
1797,Cyprus,North Macedonia,-1.425
1801,Norway,North Macedonia,-1.425
1802,United Kingdom,North Macedonia,-1.425
1792,Russian Federation,North Macedonia,-1.425
97,Portugal,Azerbaijan,-1.432692308
187,Estonia,Romania,-1.448717949
213,Netherlands,Romania,-1.448717949
208,San Marino,Romania,-1.448717949
209,Slovenia,Romania,-1.448717949
211,Sweden,Romania,-1.448717949
212,Switzerland,Romania,-1.448717949
189,Finland,Romania,-1.448717949
193,Greece,Romania,-1.448717949
203,Montenegro,Romania,-1.448717949
181,Armenia,Romania,-1.448717949
215,United Kingdom,Romania,-1.448717949
205,Poland,Romania,-1.448717949
190,France,Romania,-1.448717949
180,Albania,Romania,-1.448717949
200,Lithuania,Romania,-1.448717949
191,Georgia,Romania,-1.448717949
199,Latvia,Romania,-1.448717949
192,Germany,Romania,-1.448717949
195,Iceland,Romania,-1.448717949
207,Russian Federation,Romania,-1.448717949
1149,Serbia,Cyprus,-1.450899223
990,Belgium,Estonia,-1.455380037
994,North Macedonia,Estonia,-1.455380037
998,Germany,Estonia,-1.455380037
1008,"Moldova, Republic of",Estonia,-1.455380037
1016,Serbia,Estonia,-1.455380037
1011,Poland,Estonia,-1.455380037
149,Belgium,Norway,-1.456251526
1235,Cyprus,Austria,-1.469802555
1237,Serbia,Austria,-1.469802555
1102,San Marino,Serbia,-1.470610203
1087,Hungary,Serbia,-1.470610203
1088,Iceland,Serbia,-1.470610203
1093,Lithuania,Serbia,-1.470610203
1071,Armenia,Serbia,-1.470610203
1098,Poland,Serbia,-1.470610203
1097,Norway,Serbia,-1.470610203
1095,"Moldova, Republic of",Serbia,-1.470610203
1094,Malta,Serbia,-1.470610203
1074,Azerbaijan,Serbia,-1.470610203
1075,Belarus,Serbia,-1.470610203
1092,Latvia,Serbia,-1.470610203
1076,Belgium,Serbia,-1.470610203
1077,Cyprus,Serbia,-1.470610203
1079,Denmark,Serbia,-1.470610203
1080,Estonia,Serbia,-1.470610203
1105,Sweden,Serbia,-1.470610203
1089,Ireland,Serbia,-1.470610203
1104,Spain,Serbia,-1.470610203
1082,Finland,Serbia,-1.470610203
1084,Georgia,Serbia,-1.470610203
1085,Germany,Serbia,-1.470610203
1086,Greece,Serbia,-1.470610203
1618,Croatia,Denmark,-1.479365079
394,Ukraine,Austria,-1.483691444
753,Switzerland,Hungary,-1.498384407
739,Latvia,Hungary,-1.498384407
731,France,Hungary,-1.498384407
736,Ireland,Hungary,-1.498384407
528,Montenegro,Russian Federation,-1.499387638
1490,Poland,Bulgaria,-1.511033682
1492,San Marino,Bulgaria,-1.511033682
1468,Croatia,Bulgaria,-1.511033682
1476,Georgia,Bulgaria,-1.511033682
104,Switzerland,Azerbaijan,-1.519641182
84,Greece,Azerbaijan,-1.519641182
87,Ireland,Azerbaijan,-1.519641182
83,Germany,Azerbaijan,-1.519641182
81,France,Azerbaijan,-1.519641182
80,Finland,Azerbaijan,-1.519641182
79,North Macedonia,Azerbaijan,-1.519641182
78,Estonia,Azerbaijan,-1.519641182
76,Belgium,Azerbaijan,-1.519641182
73,Armenia,Azerbaijan,-1.519641182
74,Austria,Azerbaijan,-1.519641182
101,Slovenia,Azerbaijan,-1.519641182
89,Italy,Azerbaijan,-1.519641182
102,Spain,Azerbaijan,-1.519641182
1576,Bosnia and Herzegovina,Latvia,-1.536585366
1578,Croatia,Latvia,-1.536585366
1577,Bulgaria,Latvia,-1.536585366
1068,Netherlands,Lithuania,-1.555347092
1611,Netherlands,Bulgaria,-1.571428571
1609,Portugal,Bulgaria,-1.571428571
1769,Netherlands,Serbia,-1.571428571
832,Azerbaijan,Netherlands,-1.585140543
829,Albania,Netherlands,-1.585140543
574,Netherlands,Italy,-1.595778612
956,North Macedonia,Israel,-1.59728491
972,Poland,Israel,-1.59728491
980,Sweden,Israel,-1.59728491
1033,Australia,Lithuania,-1.611006879
142,Ukraine,Iceland,-1.611111111
808,Ireland,Denmark,-1.623412698
803,Georgia,Denmark,-1.623412698
813,Malta,Denmark,-1.623412698
450,Italy,Sweden,-1.646628969
455,Montenegro,Sweden,-1.646628969
436,Belarus,Sweden,-1.646628969
1136,Israel,Cyprus,-1.650899223
1143,Norway,Cyprus,-1.650899223
1270,Greece,Latvia,-1.652908068
1284,Russian Federation,Latvia,-1.652908068
1278,"Moldova, Republic of",Latvia,-1.652908068
1261,Cyprus,Latvia,-1.652908068
162,Italy,Norway,-1.656251526
224,Finland,Armenia,-1.657806963
1513,Bosnia and Herzegovina,Australia,-1.658536585
1405,Belgium,Czechia,-1.668452381
1431,San Marino,Czechia,-1.668452381
1434,Spain,Czechia,-1.668452381
1524,Ukraine,Serbia,-1.698025552
756,United Kingdom,Hungary,-1.698384407
744,Norway,Hungary,-1.698384407
1059,Portugal,Lithuania,-1.700854701
1060,Romania,Lithuania,-1.700854701
1624,Croatia,Estonia,-1.701190476
1009,Montenegro,Estonia,-1.705380037
1580,Australia,Ukraine,-1.70538134
1347,Serbia,Azerbaijan,-1.720632687
1345,Cyprus,Azerbaijan,-1.720632687
1344,Australia,Azerbaijan,-1.720632687
530,Poland,Russian Federation,-1.749387638
719,Ukraine,Switzerland,-1.777777778
851,"Moldova, Republic of",Netherlands,-1.785140543
1724,Bulgaria,Norway,-1.785714286
953,Czechia,Israel,-1.79728491
970,Montenegro,Israel,-1.79728491
310,"Moldova, Republic of",Poland,-1.797755542
433,Armenia,Sweden,-1.813295636
1508,Bulgaria,France,-1.822686798
1251,Cyprus,Poland,-1.835522201
1349,Cyprus,Russian Federation,-1.84177611
1499,Ukraine,Bulgaria,-1.844367015
1494,Slovenia,Bulgaria,-1.844367015
543,Austria,Italy,-1.849566693
1128,Finland,Cyprus,-1.850899223
144,Albania,Norway,-1.856251526
152,North Macedonia,Norway,-1.856251526
1043,Finland,Lithuania,-1.861006879
1067,Switzerland,Lithuania,-1.861006879
1065,Spain,Lithuania,-1.861006879
1064,Slovenia,Lithuania,-1.861006879
1063,Serbia,Lithuania,-1.861006879
1058,Poland,Lithuania,-1.861006879
1051,Israel,Lithuania,-1.861006879
1048,Hungary,Lithuania,-1.861006879
1047,Greece,Lithuania,-1.861006879
1044,France,Lithuania,-1.861006879
1061,Russian Federation,Lithuania,-1.861006879
1042,North Macedonia,Lithuania,-1.861006879
1037,Belgium,Lithuania,-1.861006879
1036,Belarus,Lithuania,-1.861006879
1035,Azerbaijan,Lithuania,-1.861006879
1034,Austria,Lithuania,-1.861006879
1032,Armenia,Lithuania,-1.861006879
1039,Czechia,Lithuania,-1.861006879
121,Greece,Iceland,-1.868055556
130,Montenegro,Iceland,-1.868055556
823,Spain,Denmark,-1.873412698
812,Lithuania,Denmark,-1.873412698
1228,Slovenia,Belgium,-1.904002502
1233,United Kingdom,Belgium,-1.904002502
1166,North Macedonia,Australia,-1.927549808
1449,Croatia,Azerbaijan,-1.952743902
1022,United Kingdom,Estonia,-1.955380037
1017,Slovenia,Estonia,-1.955380037
1013,Romania,Estonia,-1.955380037
1015,San Marino,Estonia,-1.955380037
1020,Switzerland,Estonia,-1.955380037
435,Azerbaijan,Sweden,-1.979962303
840,Georgia,Netherlands,-1.985140543
830,Armenia,Netherlands,-1.985140543
384,Poland,Austria,-1.986953155
240,Poland,Armenia,-1.991140296
510,Belgium,Russian Federation,-1.999387638
214,Ukraine,Romania,-2
178,Ukraine,Norway,-2.005291005
34,Netherlands,Ukraine,-2.008468835
556,Iceland,Italy,-2.01623336
572,Sweden,Italy,-2.01623336
564,Norway,Italy,-2.01623336
545,Belarus,Italy,-2.01623336
1352,Australia,Italy,-2.036146699
1354,Czechia,Italy,-2.036146699
1586,Serbia,Ukraine,-2.038714673
1121,Azerbaijan,Cyprus,-2.050899223
1125,Denmark,Cyprus,-2.050899223
1117,Albania,Cyprus,-2.050899223
1120,Austria,Cyprus,-2.050899223
1138,Latvia,Cyprus,-2.050899223
1134,Iceland,Cyprus,-2.050899223
1140,Malta,Cyprus,-2.050899223
1027,Australia,Armenia,-2.070043777
1159,Azerbaijan,Australia,-2.127549808
295,Estonia,Poland,-2.131088875
289,Armenia,Poland,-2.131088875
1616,Australia,Denmark,-2.146031746
1255,Armenia,Latvia,-2.152908068
1291,Netherlands,Latvia,-2.152908068
1681,Netherlands,Lithuania,-2.166666667
1415,Georgia,Czechia,-2.168452381
1427,Montenegro,Czechia,-2.168452381
1422,Italy,Czechia,-2.168452381
1436,Switzerland,Czechia,-2.168452381
1414,France,Czechia,-2.168452381
1399,Albania,Czechia,-2.168452381
1438,Ukraine,Czechia,-2.174603175
1348,Australia,Russian Federation,-2.175109443
694,Finland,Switzerland,-2.176388889
713,Russian Federation,Switzerland,-2.176388889
695,France,Switzerland,-2.176388889
1484,Latvia,Bulgaria,-2.177700348
850,Malta,Netherlands,-2.185140543
367,North Macedonia,Austria,-2.186953155
1625,Netherlands,Estonia,-2.214285714
1457,Bulgaria,Israel,-2.216415021
1526,Bulgaria,Lithuania,-2.224932249
1527,Croatia,Lithuania,-2.224932249
1505,Bulgaria,Germany,-2.240030972
534,Slovenia,Russian Federation,-2.249387638
863,Ukraine,Netherlands,-2.262675679
1702,Iceland,"Moldova, Republic of",-2.30952381
1718,Spain,"Moldova, Republic of",-2.30952381
1682,Albania,"Moldova, Republic of",-2.30952381
1690,Croatia,"Moldova, Republic of",-2.30952381
1691,Cyprus,"Moldova, Republic of",-2.30952381
1721,Netherlands,"Moldova, Republic of",-2.30952381
1720,Switzerland,"Moldova, Republic of",-2.30952381
1688,Belgium,"Moldova, Republic of",-2.30952381
1719,Sweden,"Moldova, Republic of",-2.30952381
1717,Slovenia,"Moldova, Republic of",-2.30952381
1710,Norway,"Moldova, Republic of",-2.30952381
1699,Germany,"Moldova, Republic of",-2.30952381
1707,Lithuania,"Moldova, Republic of",-2.30952381
1708,Malta,"Moldova, Republic of",-2.30952381
1693,Denmark,"Moldova, Republic of",-2.30952381
1709,Montenegro,"Moldova, Republic of",-2.30952381
1711,Poland,"Moldova, Republic of",-2.30952381
1696,Finland,"Moldova, Republic of",-2.30952381
1685,Austria,"Moldova, Republic of",-2.30952381
30,Slovenia,Ukraine,-2.313758227
32,Sweden,Ukraine,-2.313758227
216,Albania,Armenia,-2.324473629
230,Iceland,Armenia,-2.324473629
221,Denmark,Armenia,-2.324473629
1157,Armenia,Australia,-2.327549808
1169,Georgia,Australia,-2.327549808
1525,Bosnia and Herzegovina,Lithuania,-2.341463415
557,Ireland,Italy,-2.349566693
551,France,Italy,-2.349566693
794,Armenia,Denmark,-2.373412698
382,Montenegro,Austria,-2.386953155
1467,Bosnia and Herzegovina,Bulgaria,-2.390243902
946,Armenia,Israel,-2.39728491
962,Hungary,Israel,-2.39728491
975,Russian Federation,Israel,-2.39728491
951,Belgium,Israel,-2.39728491
967,Lithuania,Israel,-2.39728491
1231,Switzerland,Belgium,-2.404002502
1213,Ireland,Belgium,-2.404002502
309,Malta,Poland,-2.464422208
536,Sweden,Russian Federation,-2.499387638
511,Denmark,Russian Federation,-2.499387638
1471,Denmark,Bulgaria,-2.511033682
1485,Lithuania,Bulgaria,-2.511033682
1472,Estonia,Bulgaria,-2.511033682
1497,Switzerland,Bulgaria,-2.511033682
1461,Armenia,Bulgaria,-2.511033682
1480,Iceland,Bulgaria,-2.511033682
1491,Russian Federation,Bulgaria,-2.511033682
1181,Montenegro,Australia,-2.527549808
12,Germany,Ukraine,-2.563758227
5,Belgium,Ukraine,-2.563758227
0,Albania,Ukraine,-2.563758227
846,Israel,Netherlands,-2.585140543
362,Azerbaijan,Austria,-2.586953155
1776,Netherlands,Ukraine,-2.619047619
800,North Macedonia,Denmark,-2.623412698
793,Albania,Denmark,-2.623412698
805,Greece,Denmark,-2.623412698
796,Azerbaijan,Denmark,-2.623412698
815,Montenegro,Denmark,-2.623412698
814,"Moldova, Republic of",Denmark,-2.623412698
445,Greece,Sweden,-2.646628969
1257,Austria,Latvia,-2.652908068
1286,Serbia,Latvia,-2.652908068
161,Israel,Norway,-2.656251526
233,Italy,Armenia,-2.657806963
696,Georgia,Switzerland,-2.676388889
716,Spain,Switzerland,-2.676388889
547,Denmark,Italy,-2.682900027
576,United Kingdom,Italy,-2.682900027
1111,Czechia,Norway,-2.709203297
540,United Kingdom,Russian Federation,-2.749387638
537,Switzerland,Russian Federation,-2.749387638
1282,Portugal,Latvia,-2.769230769
388,San Marino,Austria,-2.786953155
363,Belarus,Austria,-2.786953155
27,Romania,Ukraine,-2.792328042
955,Estonia,Israel,-2.79728491
954,Denmark,Israel,-2.79728491
978,Slovenia,Israel,-2.79728491
1570,Bosnia and Herzegovina,Russian Federation,-2.804878049
1619,Cyprus,Denmark,-2.812698413
440,North Macedonia,Sweden,-2.813295636
35,United Kingdom,Ukraine,-2.813758227
1250,Australia,Poland,-2.835522201
1253,Serbia,Poland,-2.835522201
167,Montenegro,Norway,-2.856251526
155,Georgia,Norway,-2.856251526
124,Israel,Iceland,-2.868055556
111,Azerbaijan,Iceland,-2.868055556
140,Switzerland,Iceland,-2.868055556
108,Albania,Iceland,-2.868055556
129,"Moldova, Republic of",Iceland,-2.868055556
128,Malta,Iceland,-2.868055556
116,North Macedonia,Iceland,-2.868055556
1572,Croatia,Russian Federation,-2.87804878
1613,Portugal,Czechia,-2.891269841
1195,Albania,Belgium,-2.904002502
852,Montenegro,Netherlands,-2.985140543
235,Lithuania,Armenia,-2.991140296
218,Azerbaijan,Armenia,-2.991140296
231,Ireland,Armenia,-2.991140296
245,Slovenia,Armenia,-2.991140296
251,United Kingdom,Armenia,-2.991140296
239,Norway,Armenia,-2.991140296
248,Switzerland,Armenia,-2.991140296
6,Denmark,Ukraine,-3.063758227
33,Switzerland,Ukraine,-3.063758227
21,Malta,Ukraine,-3.063758227
16,Ireland,Ukraine,-3.063758227
24,Norway,Ukraine,-3.063758227
1830,Australia,Iceland,-3.125
1279,Montenegro,Latvia,-3.152908068
1274,Israel,Latvia,-3.152908068
1265,North Macedonia,Latvia,-3.152908068
1254,Albania,Latvia,-3.152908068
717,Sweden,Switzerland,-3.176388889
704,Latvia,Switzerland,-3.176388889
1604,Bosnia and Herzegovina,Armenia,-3.268292683
1606,Croatia,Armenia,-3.268292683
1501,Bosnia and Herzegovina,Sweden,-3.390243902
1498,Netherlands,Bulgaria,-3.390243902
1199,Azerbaijan,Belgium,-3.404002502
1220,Montenegro,Belgium,-3.404002502
1218,Malta,Belgium,-3.404002502
520,Iceland,Russian Federation,-3.499387638
1617,Bulgaria,Denmark,-3.619047619
538,Netherlands,Russian Federation,-3.749387638
529,Norway,Russian Federation,-3.999387638
15,Iceland,Ukraine,-4.063758227
1828,Cyprus,Iceland,-4.125
1679,Netherlands,Israel,-4.19047619
1510,Bosnia and Herzegovina,Poland,-5.414634146